Dates,Prices
2020-10-31,10.1
2020-11-01,10.079783358462235
2020-11-02,10.06204245553204
2020-11-03,10.046710678635979
2020-11-04,10.033721415200608
2020-11-05,10.023008052652495
2020-11-06,10.014503978418198
2020-11-07,10.008142579924277
2020-11-08,10.003857244597295
2020-11-09,10.001581359863815
2020-11-10,10.0012483131504
2020-11-11,10.002791491883606
2020-11-12,10.00614428349
2020-11-13,10.011240075396138
2020-11-14,10.01801225502859
2020-11-15,10.02639420981391
2020-11-16,10.03631932717866
2020-11-17,10.047720994549406
2020-11-18,10.060532599352706
2020-11-19,10.074687529015124
2020-11-20,10.090119170963218
2020-11-21,10.106760912623551
2020-11-22,10.124546141422687
2020-11-23,10.143408244787185
2020-11-24,10.163280610143607
2020-11-25,10.184096624918515
2020-11-26,10.205789676538474
2020-11-27,10.228293152430037
2020-11-28,10.25154044001977
2020-11-29,10.27546492673424
2020-11-30,10.3
2020-12-01,10.325079047243618
2020-12-02,10.350635455891648
2020-12-03,10.37660261337066
2020-12-04,10.40291390710721
2020-12-05,10.429502724527861
2020-12-06,10.456302453059177
2020-12-07,10.483246480127715
2020-12-08,10.51026819316004
2020-12-09,10.537300979582714
2020-12-10,10.564278226822296
2020-12-11,10.591133322305348
2020-12-12,10.617799653458434
2020-12-13,10.64421060770811
2020-12-14,10.670299572480943
2020-12-15,10.695999935203492
2020-12-16,10.72124508330232
2020-12-17,10.74596840420399
2020-12-18,10.770103285335061
2020-12-19,10.793583114122091
2020-12-20,10.816341277991649
2020-12-21,10.83831116437029
2020-12-22,10.859426160684585
2020-12-23,10.879619654361084
2020-12-24,10.898825032826355
2020-12-25,10.916975683506958
2020-12-26,10.934004993829454
2020-12-27,10.949846351220407
2020-12-28,10.964433143106373
2020-12-29,10.977698756913924
2020-12-30,10.98957658006961
2020-12-31,11.0
2021-01-01,11.008924615409642
2021-01-02,11.016394870115047
2021-01-03,11.022477419210711
2021-01-04,11.02723891779113
2021-01-05,11.030746020950815
2021-01-06,11.033065383784253
2021-01-07,11.034263661385948
2021-01-08,11.034407508850396
2021-01-09,11.033563581272094
2021-01-10,11.03179853374555
2021-01-11,11.029179021365252
2021-01-12,11.025771699225706
2021-01-13,11.021643222421407
2021-01-14,11.016860246046853
2021-01-15,11.011489425196546
2021-01-16,11.005597414964985
2021-01-17,10.999250870446664
2021-01-18,10.992516446736087
2021-01-19,10.985460798927749
2021-01-20,10.97815058211615
2021-01-21,10.970652451395791
2021-01-22,10.963033061861166
2021-01-23,10.955359068606777
2021-01-24,10.947697126727125
2021-01-25,10.940113891316706
2021-01-26,10.932676017470015
2021-01-27,10.925450160281557
2021-01-28,10.918502974845826
2021-01-29,10.911901116257328
2021-01-30,10.90571123961055
2021-01-31,10.9
2021-02-01,10.894820157129722
2021-02-02,10.890168889141929
2021-02-03,10.886029478788396
2021-02-04,10.882385208820885
2021-02-05,10.879219361991165
2021-02-06,10.876515221051
2021-02-07,10.874256068752159
2021-02-08,10.872425187846403
2021-02-09,10.871005861085502
2021-02-10,10.869981371221224
2021-02-11,10.86933500100533
2021-02-12,10.869050033189591
2021-02-13,10.869109750525777
2021-02-14,10.869497435765643
2021-02-15,10.870196371660965
2021-02-16,10.871189840963504
2021-02-17,10.87246112642503
2021-02-18,10.873993510797307
2021-02-19,10.875770276832101
2021-02-20,10.87777470728118
2021-02-21,10.87999008489631
2021-02-22,10.882399692429253
2021-02-23,10.884986812631785
2021-02-24,10.887734728255664
2021-02-25,10.890626722052657
2021-02-26,10.893646076774536
2021-02-27,10.896776075173063
2021-02-28,10.9
2021-03-01,10.903299277074769
2021-03-02,10.906647904487357
2021-03-03,10.91001802339541
2021-03-04,10.913381774956562
2021-03-05,10.916711300328462
2021-03-06,10.919978740668745
2021-03-07,10.923156237135052
2021-03-08,10.926215930885027
2021-03-09,10.929129963076308
2021-03-10,10.931870474866539
2021-03-11,10.934409607413356
2021-03-12,10.936719501874402
2021-03-13,10.938772299407319
2021-03-14,10.940540141169745
2021-03-15,10.941995168319325
2021-03-16,10.943109522013696
2021-03-17,10.9438553434105
2021-03-18,10.944204773667375
2021-03-19,10.94412995394197
2021-03-20,10.943603025391917
2021-03-21,10.942596129174856
2021-03-22,10.941081406448433
2021-03-23,10.93903099837029
2021-03-24,10.936417046098063
2021-03-25,10.933211690789395
2021-03-26,10.929387073601923
2021-03-27,10.924915335693298
2021-03-28,10.919768618221152
2021-03-29,10.913919062343124
2021-03-30,10.90733880921686
2021-03-31,10.9
2021-04-01,10.89188259335821
2021-04-02,10.882997817989269
2021-04-03,10.873364720098978
2021-04-04,10.863002345893147
2021-04-05,10.851929741577571
2021-04-06,10.840165953358062
2021-04-07,10.827730027440424
2021-04-08,10.814641010030456
2021-04-09,10.800917947333968
2021-04-10,10.786579885556757
2021-04-11,10.771645870904633
2021-04-12,10.756134949583398
2021-04-13,10.74006616779886
2021-04-14,10.723458571756817
2021-04-15,10.706331207663073
2021-04-16,10.68870312172344
2021-04-17,10.670593360143716
2021-04-18,10.652020969129703
2021-04-19,10.633004994887212
2021-04-20,10.61356448362204
2021-04-21,10.593718481539998
2021-04-22,10.573486034846885
2021-04-23,10.552886189748511
2021-04-24,10.53193799245067
2021-04-25,10.510660489159179
2021-04-26,10.489072726079831
2021-04-27,10.467193749418433
2021-04-28,10.445042605380793
2021-04-29,10.422638340172718
2021-04-30,10.4
2021-05-01,10.377151799529697
2021-05-02,10.354138627273837
2021-05-03,10.33101054020569
2021-05-04,10.307817595298534
2021-05-05,10.28460984952564
2021-05-06,10.261437359860277
2021-05-07,10.238350183275728
2021-05-08,10.215398376745258
2021-05-09,10.192631997242144
2021-05-10,10.170101101739661
2021-05-11,10.147855747211077
2021-05-12,10.12594599062967
2021-05-13,10.104421888968712
2021-05-14,10.083333499201478
2021-05-15,10.06273087830124
2021-05-16,10.04266408324127
2021-05-17,10.023183170994844
2021-05-18,10.004338198535235
2021-05-19,9.986179222835714
2021-05-20,9.96875630086956
2021-05-21,9.952119489610041
2021-05-22,9.936318846030428
2021-05-23,9.921404427104001
2021-05-24,9.90742628980403
2021-05-25,9.894434491103791
2021-05-26,9.882479087976556
2021-05-27,9.871610137395598
2021-05-28,9.861877696334188
2021-05-29,9.853331821765604
2021-05-30,9.846022570663115
2021-05-31,9.84
2021-06-01,9.835295429272792
2021-06-02,9.831865228071088
2021-06-03,9.829647028507758
2021-06-04,9.828578462695658
2021-06-05,9.82859716274765
2021-06-06,9.829640760776597
2021-06-07,9.831646888895364
2021-06-08,9.834553179216808
2021-06-09,9.838297263853798
2021-06-10,9.842816774919191
2021-06-11,9.848049344525851
2021-06-12,9.853932604786639
2021-06-13,9.860404187814424
2021-06-14,9.867401725722058
2021-06-15,9.874862850622408
2021-06-16,9.88272519462834
2021-06-17,9.890926389852716
2021-06-18,9.899404068408385
2021-06-19,9.908095862408226
2021-06-20,9.916939403965094
2021-06-21,9.92587232519185
2021-06-22,9.934832258201359
2021-06-23,9.943756835106488
2021-06-24,9.952583688020084
2021-06-25,9.961250449055028
2021-06-26,9.96969475032417
2021-06-27,9.977854223940374
2021-06-28,9.985666502016507
2021-06-29,9.993069216665429
2021-06-30,10.0
2021-07-01,10.00641190834982
2021-07-02,10.012319694911426
2021-07-03,10.0177535370981
2021-07-04,10.022743612323112
2021-07-05,10.02732009799974
2021-07-06,10.03151317154126
2021-07-07,10.035353010360943
2021-07-08,10.03886979187207
2021-07-09,10.042093693487917
2021-07-10,10.045054892621756
2021-07-11,10.047783566686865
2021-07-12,10.050309893096518
2021-07-13,10.052664049263988
2021-07-14,10.054876212602558
2021-07-15,10.056976560525499
2021-07-16,10.058995270446088
2021-07-17,10.060962519777599
2021-07-18,10.06290848593331
2021-07-19,10.064863346326494
2021-07-20,10.066857278370426
2021-07-21,10.068920459478385
2021-07-22,10.071083067063643
2021-07-23,10.073375278539478
2021-07-24,10.075827271319168
2021-07-25,10.078469222815983
2021-07-26,10.081331310443202
2021-07-27,10.084443711614101
2021-07-28,10.087836603741957
2021-07-29,10.091540164240037
2021-07-30,10.095584570521627
2021-07-31,10.1
2021-08-01,10.104807044851734
2021-08-02,10.109987956306657
2021-08-03,10.115515400357898
2021-08-04,10.121362042998578
2021-08-05,10.127500550221832
2021-08-06,10.13390358802079
2021-08-07,10.140543822388578
2021-08-08,10.147393919318324
2021-08-09,10.154426544803162
2021-08-10,10.161614364836215
2021-08-11,10.168930045410615
2021-08-12,10.176346252519494
2021-08-13,10.183835652155972
2021-08-14,10.191370910313186
2021-08-15,10.19892469298426
2021-08-16,10.206469666162329
2021-08-17,10.213978495840518
2021-08-18,10.221423848011955
2021-08-19,10.228778388669774
2021-08-20,10.236014783807097
2021-08-21,10.243105699417056
2021-08-22,10.250023801492778
2021-08-23,10.256741756027395
2021-08-24,10.263232229014037
2021-08-25,10.269467886445831
2021-08-26,10.275421394315904
2021-08-27,10.281065418617388
2021-08-28,10.286372625343414
2021-08-29,10.291315680487102
2021-08-30,10.295867250041589
2021-08-31,10.3
2021-09-01,10.303690535069821
2021-09-02,10.306931214815933
2021-09-03,10.309718337517586
2021-09-04,10.312048201454012
2021-09-05,10.313917104904457
2021-09-06,10.315321346148156
2021-09-07,10.316257223464358
2021-09-08,10.316721035132296
2021-09-09,10.316709079431218
2021-09-10,10.316217654640356
2021-09-11,10.315243059038956
2021-09-12,10.313781590906258
2021-09-13,10.311829548521503
2021-09-14,10.309383230163931
2021-09-15,10.30643893411278
2021-09-16,10.302992958647296
2021-09-17,10.299041602046715
2021-09-18,10.29458116259028
2021-09-19,10.289607938557232
2021-09-20,10.284118228226808
2021-09-21,10.278108329878254
2021-09-22,10.271574541790805
2021-09-23,10.264513162243711
2021-09-24,10.256920489516201
2021-09-25,10.248792821887521
2021-09-26,10.240126457636915
2021-09-27,10.230917695043615
2021-09-28,10.22116283238687
2021-09-29,10.210858167945918
2021-09-30,10.2
2021-10-01,10.18860246233348
2021-10-02,10.176751030751243
2021-10-03,10.164549016563287
2021-10-04,10.152099731079618
2021-10-05,10.139506485610246
2021-10-06,10.12687259146517
2021-10-07,10.114301359954398
2021-10-08,10.101896102387938
2021-10-09,10.089760130075787
2021-10-10,10.077996754327959
2021-10-11,10.066709286454453
2021-10-12,10.056001037765272
2021-10-13,10.045975319570429
2021-10-14,10.036735443179925
2021-10-15,10.028384719903764
2021-10-16,10.02102646105195
2021-10-17,10.014763977934491
2021-10-18,10.009700581861392
2021-10-19,10.005939584142654
2021-10-20,10.003584296088288
2021-10-21,10.002738029008293
2021-10-22,10.003504094212676
2021-10-23,10.005985803011447
2021-10-24,10.0102864667146
2021-10-25,10.016509396632152
2021-10-26,10.024757904074102
2021-10-27,10.035135300350454
2021-10-28,10.047744896771215
2021-10-29,10.06269000464639
2021-10-30,10.08007393528598
2021-10-31,10.1
2021-11-01,10.122527350899052
2021-11-02,10.147538503296166
2021-11-03,10.17487181330499
2021-11-04,10.204365637039155
2021-11-05,10.235858330612299
2021-11-06,10.269188250138058
2021-11-07,10.304193751730077
2021-11-08,10.340713191501985
2021-11-09,10.378584925567429
2021-11-10,10.417647310040039
2021-11-11,10.457738701033456
2021-11-12,10.498697454661318
2021-11-13,10.540361927037264
2021-11-14,10.58257047427493
2021-11-15,10.625161452487953
2021-11-16,10.667973217789973
2021-11-17,10.710844126294626
2021-11-18,10.753612534115547
2021-11-19,10.796116797366384
2021-11-20,10.838195272160766
2021-11-21,10.879686314612332
2021-11-22,10.920428280834718
2021-11-23,10.960259526941574
2021-11-24,10.999018409046519
2021-11-25,11.036543283263205
2021-11-26,11.072672505705265
2021-11-27,11.107244432486334
2021-11-28,11.140097419720053
2021-11-29,11.171069823520066
2021-11-30,11.2
2021-12-01,11.226766520047214
2021-12-02,11.25140881364395
2021-12-03,11.274006525546156
2021-12-04,11.294639300509782
2021-12-05,11.313386783290786
2021-12-06,11.330328618645122
2021-12-07,11.34554445132874
2021-12-08,11.359113926097601
2021-12-09,11.37111668770765
2021-12-10,11.381632380914846
2021-12-11,11.39074065047514
2021-12-12,11.398521141144483
2021-12-13,11.40505349767883
2021-12-14,11.410417364834137
2021-12-15,11.414692387366356
2021-12-16,11.417958210031443
2021-12-17,11.420294477585351
2021-12-18,11.421780834784027
2021-12-19,11.422496926383433
2021-12-20,11.422522397139518
2021-12-21,11.421936891808233
2021-12-22,11.420820055145537
2021-12-23,11.419251531907381
2021-12-24,11.417310966849719
2021-12-25,11.415078004728503
2021-12-26,11.412632290299689
2021-12-27,11.41005346831923
2021-12-28,11.407421183543079
2021-12-29,11.404815080727184
2021-12-30,11.40231480462751
2021-12-31,11.4
2022-01-01,11.39793840274575
2022-01-02,11.396150113346398
2022-01-03,11.394643323428719
2022-01-04,11.393426224619484
2022-01-05,11.392507008545474
2022-01-06,11.39189386683346
2022-01-07,11.391594991110221
2022-01-08,11.39161857300253
2022-01-09,11.391972804137161
2022-01-10,11.392665876140892
2022-01-11,11.3937059806405
2022-01-12,11.395101309262753
2022-01-13,11.39686005363443
2022-01-14,11.39899040538231
2022-01-15,11.401500556133163
2022-01-16,11.404398697513763
2022-01-17,11.407693021150894
2022-01-18,11.411391718671322
2022-01-19,11.415502981701831
2022-01-20,11.420035001869186
2022-01-21,11.424995970800172
2022-01-22,11.430394080121555
2022-01-23,11.436237521460114
2022-01-24,11.44253448644263
2022-01-25,11.449293166695872
2022-01-26,11.456521753846612
2022-01-27,11.464228439521635
2022-01-28,11.472421415347709
2022-01-29,11.481108872951612
2022-01-30,11.490299003960118
2022-01-31,11.5
2022-02-01,11.51021038172972
2022-02-02,11.520889985934447
2022-02-03,11.531988978431036
2022-02-04,11.543457525036345
2022-02-05,11.55524579156722
2022-02-06,11.567303943840525
2022-02-07,11.57958214767311
2022-02-08,11.592030568881825
2022-02-09,11.60459937328353
2022-02-10,11.61723872669508
2022-02-11,11.629898794933323
2022-02-12,11.642529743815121
2022-02-13,11.655081739157326
2022-02-14,11.667504946776788
2022-02-15,11.679749532490368
2022-02-16,11.69176566211491
2022-02-17,11.70350350146728
2022-02-18,11.714913216364328
2022-02-19,11.725944972622907
2022-02-20,11.736548936059872
2022-02-21,11.746675272492077
2022-02-22,11.756274147736375
2022-02-23,11.765295727609624
2022-02-24,11.773690177928678
2022-02-25,11.781407664510382
2022-02-26,11.788398353171607
2022-02-27,11.794612409729195
2022-02-28,11.8
2022-03-01,11.804518500276636
2022-03-02,11.808154128754705
2022-03-03,11.810900314105565
2022-03-04,11.812750485000574
2022-03-05,11.813698070111098
2022-03-06,11.813736498108486
2022-03-07,11.812859197664102
2022-03-08,11.811059597449306
2022-03-09,11.808331126135455
2022-03-10,11.804667212393907
2022-03-11,11.800061284896021
2022-03-12,11.79450677231316
2022-03-13,11.787997103316675
2022-03-14,11.780525706577931
2022-03-15,11.772086010768284
2022-03-16,11.762671444559095
2022-03-17,11.752275436621723
2022-03-18,11.74089141562752
2022-03-19,11.728512810247853
2022-03-20,11.715133049154078
2022-03-21,11.700745561017552
2022-03-22,11.685343774509635
2022-03-23,11.668921118301688
2022-03-24,11.651471021065065
2022-03-25,11.632986911471127
2022-03-26,11.613462218191236
2022-03-27,11.592890369896748
2022-03-28,11.57126479525902
2022-03-29,11.548578922949416
2022-03-30,11.524826181639288
2022-03-31,11.5
2022-04-01,11.474111455924845
2022-04-02,11.447242224194865
2022-04-03,11.41949162881305
2022-04-04,11.390958993782371
2022-04-05,11.361743643105815
2022-04-06,11.331944900786356
2022-04-07,11.301662090826984
2022-04-08,11.27099453723067
2022-04-09,11.240041564000405
2022-04-10,11.208902495139158
2022-04-11,11.177676654649922
2022-04-12,11.14646336653567
2022-04-13,11.115361954799386
2022-04-14,11.084471743444054
2022-04-15,11.053892056472645
2022-04-16,11.023722217888148
2022-04-17,10.994061551693543
2022-04-18,10.965009381891804
2022-04-19,10.936665032485925
2022-04-20,10.909127827478873
2022-04-21,10.88249709087364
2022-04-22,10.856872146673197
2022-04-23,10.832352318880536
2022-04-24,10.809036931498625
2022-04-25,10.787025308530458
2022-04-26,10.766416773979005
2022-04-27,10.74731065184725
2022-04-28,10.729806266138178
2022-04-29,10.714002940854769
2022-04-30,10.7
2022-05-01,10.68786317316007
2022-05-02,10.677523812254048
2022-05-03,10.668879674784218
2022-05-04,10.661828518252866
2022-05-05,10.656268100162276
2022-05-06,10.652096178014736
2022-05-07,10.649210509312523
2022-05-08,10.647508851557932
2022-05-09,10.64688896225324
2022-05-10,10.647248598900738
2022-05-11,10.648485519002707
2022-05-12,10.65049748006143
2022-05-13,10.653182239579198
2022-05-14,10.65643755505829
2022-05-15,10.660161184000994
2022-05-16,10.664250883909599
2022-05-17,10.668604412286383
2022-05-18,10.673119526633636
2022-05-19,10.677693984453636
2022-05-20,10.682225543248677
2022-05-21,10.686611960521038
2022-05-22,10.690750993773003
2022-05-23,10.694540400506861
2022-05-24,10.697877938224893
2022-05-25,10.70066136442939
2022-05-26,10.702788436622631
2022-05-27,10.704156912306903
2022-05-28,10.704664548984493
2022-05-29,10.70420910415768
2022-05-30,10.702688335328753
2022-05-31,10.7
2022-06-01,10.696072622017072
2022-06-02,10.690957790599091
2022-06-03,10.68473786130856
2022-06-04,10.677495189707976
2022-06-05,10.669312131359828
2022-06-06,10.660271041826615
2022-06-07,10.650454276670837
2022-06-08,10.639944191454983
2022-06-09,10.628823141741558
2022-06-10,10.61717348309305
2022-06-11,10.60507757107196
2022-06-12,10.592617761240781
2022-06-13,10.579876409162011
2022-06-14,10.566935870398144
2022-06-15,10.553878500511678
2022-06-16,10.540786655065107
2022-06-17,10.527742689620927
2022-06-18,10.514828959741633
2022-06-19,10.502127820989731
2022-06-20,10.489721628927708
2022-06-21,10.47769273911806
2022-06-22,10.46612350712328
2022-06-23,10.455096288505876
2022-06-24,10.44469343882833
2022-06-25,10.434997313653149
2022-06-26,10.42609026854282
2022-06-27,10.418054659059846
2022-06-28,10.41097284076672
2022-06-29,10.40492716922594
2022-06-30,10.4
2022-07-01,10.396248467381513
2022-07-02,10.393628820583551
2022-07-03,10.3920720875493
2022-07-04,10.391509296221948
2022-07-05,10.391871474544685
2022-07-06,10.3930896504607
2022-07-07,10.395094851913173
2022-07-08,10.397818106845303
2022-07-09,10.40119044320027
2022-07-10,10.405142888921267
2022-07-11,10.409606471951475
2022-07-12,10.414512220234089
2022-07-13,10.419791161712288
2022-07-14,10.425374324329267
2022-07-15,10.431192736028212
2022-07-16,10.437177424752317
2022-07-17,10.443259418444757
2022-07-18,10.449369745048728
2022-07-19,10.455439432507418
2022-07-20,10.46139950876401
2022-07-21,10.4671810017617
2022-07-22,10.472714939443668
2022-07-23,10.477932349753102
2022-07-24,10.482764260633196
2022-07-25,10.487141700027133
2022-07-26,10.490995695878102
2022-07-27,10.494257276129291
2022-07-28,10.496857468723888
2022-07-29,10.49872730160508
2022-07-30,10.499797802716053
2022-07-31,10.5
2022-08-01,10.49928844266909
2022-08-02,10.497711765011447
2022-08-03,10.495342122584177
2022-08-04,10.492251670944373
2022-08-05,10.488512565649158
2022-08-06,10.484196962255629
2022-08-07,10.479377016320894
2022-08-08,10.474124883402057
2022-08-09,10.468512719056225
2022-08-10,10.462612678840504
2022-08-11,10.456496918311997
2022-08-12,10.450237593027813
2022-08-13,10.443906858545052
2022-08-14,10.43757687042083
2022-08-15,10.431319784212244
2022-08-16,10.425207755476404
2022-08-17,10.419312939770412
2022-08-18,10.413707492651376
2022-08-19,10.408463569676407
2022-08-20,10.403653326402601
2022-08-21,10.399348918387066
2022-08-22,10.39562250118691
2022-08-23,10.392546230359239
2022-08-24,10.39019226146116
2022-08-25,10.388632750049776
2022-08-26,10.387939851682193
2022-08-27,10.38818572191552
2022-08-28,10.389442516306856
2022-08-29,10.391782390413312
2022-08-30,10.395277499791991
2022-08-31,10.4
2022-09-01,10.405997220546109
2022-09-02,10.41321718674573
2022-09-03,10.421583097865946
2022-09-04,10.431018153173833
2022-09-05,10.441445551936468
2022-09-06,10.452788493420927
2022-09-07,10.464970176894298
2022-09-08,10.477913801623648
2022-09-09,10.491542566876065
2022-09-10,10.505779671918619
2022-09-11,10.520548316018395
2022-09-12,10.535771698442467
2022-09-13,10.551373018457918
2022-09-14,10.567275475331822
2022-09-15,10.583402268331255
2022-09-16,10.599676596723302
2022-09-17,10.61602165977504
2022-09-18,10.632360656753542
2022-09-19,10.648616786925894
2022-09-20,10.664713249559167
2022-09-21,10.680573243920447
2022-09-22,10.696119969276802
2022-09-23,10.711276624895323
2022-09-24,10.725966410043078
2022-09-25,10.740112523987152
2022-09-26,10.75363816599462
2022-09-27,10.766466535332558
2022-09-28,10.778520831268048
2022-09-29,10.789724253068172
2022-09-30,10.8
2022-10-01,10.809296802644722
2022-10-02,10.817665516839964
2022-10-03,10.825182529737448
2022-10-04,10.831924228488909
2022-10-05,10.837967000246072
2022-10-06,10.843387232160671
2022-10-07,10.848261311384428
2022-10-08,10.852665625069081
2022-10-09,10.856676560366354
2022-10-10,10.860370504427982
2022-10-11,10.863823844405685
2022-10-12,10.867112967451199
2022-10-13,10.870314260716256
2022-10-14,10.87350411135258
2022-10-15,10.876758906511899
2022-10-16,10.880155033345948
2022-10-17,10.883768879006455
2022-10-18,10.88767683064515
2022-10-19,10.891955275413757
2022-10-20,10.896680600464013
2022-10-21,10.901929192947643
2022-10-22,10.907777440016371
2022-10-23,10.914301728821938
2022-10-24,10.921578446516065
2022-10-25,10.929683980250488
2022-10-26,10.938694717176933
2022-10-27,10.948687044447125
2022-10-28,10.9597373492128
2022-10-29,10.971922018625683
2022-10-30,10.985317439837505
2022-10-31,11.0
2022-11-01,11.016015794535651
2022-11-02,11.033289751949976
2022-11-03,11.05171650901927
2022-11-04,11.071190702519807
2022-11-05,11.091606969227868
2022-11-06,11.112859945919737
2022-11-07,11.134844269371698
2022-11-08,11.157454576360026
2022-11-09,11.180585503661014
2022-11-10,11.204131688050932
2022-11-11,11.227987766306072
2022-11-12,11.252048375202708
2022-11-13,11.276208151517128
2022-11-14,11.30036173202561
2022-11-15,11.324403753504438
2022-11-16,11.348228852729893
2022-11-17,11.371731666478258
2022-11-18,11.394806831525809
2022-11-19,11.417348984648841
2022-11-20,11.439252762623623
2022-11-21,11.460412802226443
2022-11-22,11.480723740233579
2022-11-23,11.50008021342132
2022-11-24,11.51837685856594
2022-11-25,11.53550831244373
2022-11-26,11.551369211830963
2022-11-27,11.565854193503926
2022-11-28,11.578857894238894
2022-11-29,11.59027495081216
2022-11-30,11.6
2022-12-01,11.60796502612953
2022-12-02,11.614251403731217
2022-12-03,11.618977854886353
2022-12-04,11.62226310167624
2022-12-05,11.62422586618217
2022-12-06,11.624984870485445
2022-12-07,11.624658836667365
2022-12-08,11.623366486809223
2022-12-09,11.621226542992321
2022-12-10,11.618357727297957
2022-12-11,11.61487876180742
2022-12-12,11.610908368602017
2022-12-13,11.606565269763035
2022-12-14,11.601968187371787
2022-12-15,11.597235843509555
2022-12-16,11.59248696025765
2022-12-17,11.587840259697366
2022-12-18,11.583414463909993
2022-12-19,11.579328294976838
2022-12-20,11.575700474979191
2022-12-21,11.572649725998355
2022-12-22,11.570294770115625
2022-12-23,11.568754329412302
2022-12-24,11.568147125969682
2022-12-25,11.56859188186906
2022-12-26,11.570207319191736
2022-12-27,11.57311216001901
2022-12-28,11.577425126432173
2022-12-29,11.583264940512528
2022-12-30,11.590750324341371
2022-12-31,11.6
2023-01-01,11.611088730777844
2023-01-02,11.623915444796863
2023-01-03,11.63833511138714
2023-01-04,11.654202699878756
2023-01-05,11.67137317960181
2023-01-06,11.689701519886384
2023-01-07,11.709042690062564
2023-01-08,11.72925165946044
2023-01-09,11.750183397410096
2023-01-10,11.771692873241621
2023-01-11,11.793635056285106
2023-01-12,11.815864915870632
2023-01-13,11.838237421328287
2023-01-14,11.860607541988163
2023-01-15,11.882830247180342
2023-01-16,11.904760506234915
2023-01-17,11.92625328848197
2023-01-18,11.94716356325159
2023-01-19,11.967346299873867
2023-01-20,11.986656467678886
2023-01-21,12.004949035996733
2023-01-22,12.022078974157496
2023-01-23,12.037901251491258
2023-01-24,12.05227083732812
2023-01-25,12.065042700998157
2023-01-26,12.076071811831456
2023-01-27,12.085213139158109
2023-01-28,12.092321652308202
2023-01-29,12.097252320611828
2023-01-30,12.099860113399062
2023-01-31,12.1
2023-02-01,12.097581016691095
2023-02-02,12.092728467534268
2023-02-03,12.085621723537816
2023-02-04,12.07644015571003
2023-02-05,12.065363135059194
2023-02-06,12.052570032593605
2023-02-07,12.038240219321558
2023-02-08,12.022553066251335
2023-02-09,12.005687944391239
2023-02-10,11.987824224749549
2023-02-11,11.969141278334567
2023-02-12,11.949818476154578
2023-02-13,11.93003518921788
2023-02-14,11.909970788532759
2023-02-15,11.889804645107507
2023-02-16,11.869716129950413
2023-02-17,11.849884614069776
2023-02-18,11.830489468473882
2023-02-19,11.811710064171024
2023-02-20,11.793725772169493
2023-02-21,11.776715963477582
2023-02-22,11.760860009103576
2023-02-23,11.74633728005578
2023-02-24,11.733327147342472
2023-02-25,11.722008981971946
2023-02-26,11.712562154952503
2023-02-27,11.705166037292422
2023-02-28,11.7
2023-03-01,11.697188880132757
2023-03-02,11.696639378945106
2023-03-03,11.698203663740692
2023-03-04,11.701733901823154
2023-03-05,11.70708226049614
2023-03-06,11.714100907063289
2023-03-07,11.72264200882824
2023-03-08,11.732557733094643
2023-03-09,11.743700247166139
2023-03-10,11.75592171834637
2023-03-11,11.769074313938976
2023-03-12,11.783010201247603
2023-03-13,11.797581547575891
2023-03-14,11.812640520227486
2023-03-15,11.828039286506028
2023-03-16,11.84363001371516
2023-03-17,11.859264869158526
2023-03-18,11.874796020139767
2023-03-19,11.890075633962526
2023-03-20,11.90495587793045
2023-03-21,11.91928891934717
2023-03-22,11.932926925516341
2023-03-23,11.9457220637416
2023-03-24,11.957526501326592
2023-03-25,11.968192405574957
2023-03-26,11.977571943790338
2023-03-27,11.985517283276382
2023-03-28,11.991880591336725
2023-03-29,11.996514035275016
2023-03-30,11.99926978239489
2023-03-31,12.0
2023-04-01,11.99859956705584
2023-04-02,11.99513420917533
2023-04-03,11.989712363633277
2023-04-04,11.98244246770445
2023-04-05,11.973432958663647
2023-04-06,11.962792273785643
2023-04-07,11.950628850345236
2023-04-08,11.937051125617204
2023-04-09,11.922167536876339
2023-04-10,11.906086521397421
2023-04-11,11.888916516455243
2023-04-12,11.87076595932459
2023-04-13,11.85174328728025
2023-04-14,11.831956937597003
2023-04-15,11.81151534754964
2023-04-16,11.790526954412949
2023-04-17,11.76910019546171
2023-04-18,11.747343507970715
2023-04-19,11.725365329214751
2023-04-20,11.7032740964686
2023-04-21,11.681178247007058
2023-04-22,11.659186218104898
2023-04-23,11.637406447036916
2023-04-24,11.615947371077894
2023-04-25,11.594917427502619
2023-04-26,11.574425053585884
2023-04-27,11.554578686602465
2023-04-28,11.535486763827151
2023-04-29,11.517257722534737
2023-04-30,11.5
2023-05-01,11.483793890149856
2023-05-02,11.468607113519736
2023-05-03,11.454379247297185
2023-05-04,11.441049868669753
2023-05-05,11.428558554824999
2023-05-06,11.416844882950468
2023-05-07,11.405848430233714
2023-05-08,11.395508773862295
2023-05-09,11.385765491023752
2023-05-10,11.376558158905649
2023-05-11,11.367826354695527
2023-05-12,11.359509655580943
2023-05-13,11.351547638749452
2023-05-14,11.343879881388597
2023-05-15,11.33644596068594
2023-05-16,11.329185453829025
2023-05-17,11.322037938005407
2023-05-18,11.31494299040264
2023-05-19,11.30784018820827
2023-05-20,11.300669108609856
2023-05-21,11.293369328794947
2023-05-22,11.28588042595109
2023-05-23,11.278141977265847
2023-05-24,11.270093559926758
2023-05-25,11.261674751121387
2023-05-26,11.252825128037276
2023-05-27,11.243484267861984
2023-05-28,11.233591747783056
2023-05-29,11.223087144988048
2023-05-30,11.211910036664511
2023-05-31,11.2
2023-06-01,11.18732245699422
2023-06-02,11.173946208895504
2023-06-03,11.159965901764354
2023-06-04,11.145476181661254
2023-06-05,11.130571694646697
2023-06-06,11.115347086781178
2023-06-07,11.09989700412519
2023-06-08,11.08431609273922
2023-06-09,11.06869899868377
2023-06-10,11.05314036801932
2023-06-11,11.037734846806375
2023-06-12,11.022577081105416
2023-06-13,11.007761716976944
2023-06-14,10.993383400481447
2023-06-15,10.979536777679419
2023-06-16,10.96631649463135
2023-06-17,10.953817197397735
2023-06-18,10.942133532039064
2023-06-19,10.931360144615834
2023-06-20,10.921591681188533
2023-06-21,10.912922787817655
2023-06-22,10.905448110563688
2023-06-23,10.899262295487135
2023-06-24,10.894459988648475
2023-06-25,10.891135836108212
2023-06-26,10.889384483926833
2023-06-27,10.889300578164827
2023-06-28,10.890978764882691
2023-06-29,10.89451369014092
2023-06-30,10.9
2023-07-01,10.907493592197994
2023-07-02,10.916895371183204
2023-07-03,10.928067493081512
2023-07-04,10.940872114018788
2023-07-05,10.955171390120904
2023-07-06,10.970827477513739
2023-07-07,10.987702532323167
2023-07-08,11.00565871067506
2023-07-09,11.024558168695297
2023-07-10,11.044263062509746
2023-07-11,11.064635548244281
2023-07-12,11.085537782024783
2023-07-13,11.106831919977116
2023-07-14,11.128380118227167
2023-07-15,11.1500445329008
2023-07-16,11.171687320123894
2023-07-17,11.193170636022327
2023-07-18,11.214356636721961
2023-07-19,11.235107478348684
2023-07-20,11.255285317028358
2023-07-21,11.274752308886868
2023-07-22,11.293370610050081
2023-07-23,11.311002376643874
2023-07-24,11.327509764794122
2023-07-25,11.342754930626697
2023-07-26,11.356600030267474
2023-07-27,11.368907219842331
2023-07-28,11.379538655477138
2023-07-29,11.388356493297765
2023-07-30,11.395222889430096
2023-07-31,11.4
2023-08-01,11.402594970270625
2023-08-02,11.403094902054217
2023-08-03,11.401631886300294
2023-08-04,11.39833801395837
2023-08-05,11.39334537597796
2023-08-06,11.386786063308591
2023-08-07,11.378792166899775
2023-08-08,11.36949577770103
2023-08-09,11.359028986661873
2023-08-10,11.347523884731823
2023-08-11,11.335112562860395
2023-08-12,11.32192711199711
2023-08-13,11.308099623091483
2023-08-14,11.293762187093035
2023-08-15,11.279046894951279
2023-08-16,11.264085837615736
2023-08-17,11.249011106035923
2023-08-18,11.233954791161358
2023-08-19,11.21904898394156
2023-08-20,11.20442577532604
2023-08-21,11.19021725626432
2023-08-22,11.176555517705918
2023-08-23,11.163572650600353
2023-08-24,11.151400745897138
2023-08-25,11.140171894545796
2023-08-26,11.130018187495839
2023-08-27,11.121071715696791
2023-08-28,11.113464570098165
2023-08-29,11.10732884164948
2023-08-30,11.102796621300252
2023-08-31,11.1
2023-09-01,11.099034834400896
2023-09-02,11.099852043965718
2023-09-03,11.102366313859905
2023-09-04,11.106492329248889
2023-09-05,11.112144775298106
2023-09-06,11.119238337172984
2023-09-07,11.12768770003897
2023-09-08,11.137407549061486
2023-09-09,11.148312569405977
2023-09-10,11.16031744623787
2023-09-11,11.173336864722604
2023-09-12,11.187285510025609
2023-09-13,11.202078067312327
2023-09-14,11.217629221748187
2023-09-15,11.23385365849862
2023-09-16,11.250666062729069
2023-09-17,11.267981119604965
2023-09-18,11.285713514291741
2023-09-19,11.303777931954835
2023-09-20,11.322089057759676
2023-09-21,11.340561576871707
2023-09-22,11.359110174456351
2023-09-23,11.377649535679057
2023-09-24,11.396094345705247
2023-09-25,11.414359289700364
2023-09-26,11.432359052829836
2023-09-27,11.450008320259101
2023-09-28,11.467221777153593
2023-09-29,11.483914108678752
2023-09-30,11.5
2023-10-01,11.515413189333959
2023-10-02,11.530163627101935
2023-10-03,11.544280316776415
2023-10-04,11.557792261829889
2023-10-05,11.570728465734838
2023-10-06,11.583117931963754
2023-10-07,11.594989663989123
2023-10-08,11.606372665283434
2023-10-09,11.61729593931917
2023-10-10,11.62778848956882
2023-10-11,11.637879319504872
2023-10-12,11.647597432599808
2023-10-13,11.656971832326123
2023-10-14,11.666031522156295
2023-10-15,11.674805505562823
2023-10-16,11.683322786018183
2023-10-17,11.69161236699486
2023-10-18,11.699703251965355
2023-10-19,11.707624444402143
2023-10-20,11.715404947777715
2023-10-21,11.723073765564559
2023-10-22,11.730659901235157
2023-10-23,11.738192358262005
2023-10-24,11.745700140117577
2023-10-25,11.753212250274375
2023-10-26,11.760757692204875
2023-10-27,11.768365469381568
2023-10-28,11.77606458527694
2023-10-29,11.783884043363479
2023-10-30,11.791852847113669
2023-10-31,11.8
2023-11-01,11.808351868303909
2023-11-02,11.81692426954261
2023-11-03,11.825730384042279
2023-11-04,11.834783392129083
2023-11-05,11.84409647412919
2023-11-06,11.853682810368769
2023-11-07,11.863555581173992
2023-11-08,11.873727966871021
2023-11-09,11.884213147786037
2023-11-10,11.895024304245194
2023-11-11,11.906174616574674
2023-11-12,11.91767726510064
2023-11-13,11.929545430149261
2023-11-14,11.941792292046708
2023-11-15,11.954431031119148
2023-11-16,11.967474827692751
2023-11-17,11.98093686209369
2023-11-18,11.994830314648121
2023-11-19,12.009168365682232
2023-11-20,12.023964195522177
2023-11-21,12.039230984494136
2023-11-22,12.054981912924264
2023-11-23,12.071230161138748
2023-11-24,12.08798890946374
2023-11-25,12.10527133822542
2023-11-26,12.123090627749953
2023-11-27,12.141459958363507
2023-11-28,12.160392510392253
2023-11-29,12.179901464162361
2023-11-30,12.2
2023-12-01,12.220688294331634
2023-12-02,12.241914507984921
2023-12-03,12.263613797887814
2023-12-04,12.285721320968264
2023-12-05,12.308172234154227
2023-12-06,12.33090169437366
2023-12-07,12.35384485855451
2023-12-08,12.376936883624735
2023-12-09,12.400112926512286
2023-12-10,12.423308144145118
2023-12-11,12.446457693451185
2023-12-12,12.469496731358436
2023-12-13,12.492360414794828
2023-12-14,12.514983900688316
2023-12-15,12.53730234596685
2023-12-16,12.559250907558388
2023-12-17,12.580764742390881
2023-12-18,12.601779007392281
2023-12-19,12.622228859490546
2023-12-20,12.642049455613623
2023-12-21,12.661175952689469
2023-12-22,12.679543507646038
2023-12-23,12.697087277411285
2023-12-24,12.713742418913158
2023-12-25,12.729444089079616
2023-12-26,12.74412744483861
2023-12-27,12.757727643118097
2023-12-28,12.770179840846023
2023-12-29,12.781419194950347
2023-12-30,12.791380862359022
2023-12-31,12.8
2024-01-01,12.807230310177324
2024-01-02,12.813099676699379
2024-01-03,12.817654528750634
2024-01-04,12.820941295515563
2024-01-05,12.823006406178639
2024-01-06,12.82389628992434
2024-01-07,12.823657375937126
2024-01-08,12.822336093401482
2024-01-09,12.81997887150187
2024-01-10,12.81663213942277
2024-01-11,12.812342326348654
2024-01-12,12.80715586146399
2024-01-13,12.801119173953248
2024-01-14,12.794278693000914
2024-01-15,12.786680847791445
2024-01-16,12.77837206750932
2024-01-17,12.769398781339014
2024-01-18,12.759807418464998
2024-01-19,12.74964440807174
2024-01-20,12.738956179343715
2024-01-21,12.727789161465399
2024-01-22,12.71618978362126
2024-01-23,12.704204474995775
2024-01-24,12.691879664773412
2024-01-25,12.679261782138642
2024-01-26,12.666397256275943
2024-01-27,12.653332516369783
2024-01-28,12.640113991604638
2024-01-29,12.626788111164977
2024-01-30,12.613401304235275
2024-01-31,12.6
2024-02-01,12.586630063658493
2024-02-02,12.573335104469558
2024-02-03,12.560158167706843
2024-02-04,12.547142298644022
2024-02-05,12.53433054255475
2024-02-06,12.5217659447127
2024-02-07,12.509491550391521
2024-02-08,12.497550404864878
2024-02-09,12.48598555340644
2024-02-10,12.47484004128987
2024-02-11,12.464156913788818
2024-02-12,12.45397921617696
2024-02-13,12.444349993727952
2024-02-14,12.435312291715455
2024-02-15,12.426909155413135
2024-02-16,12.419183630094656
2024-02-17,12.412178761033672
2024-02-18,12.405937593503854
2024-02-19,12.400503172778858
2024-02-20,12.395918544132352
2024-02-21,12.392226752837995
2024-02-22,12.38947084416945
2024-02-23,12.387693863400377
2024-02-24,12.386938855804441
2024-02-25,12.387248866655309
2024-02-26,12.388666941226633
2024-02-27,12.391236124792083
2024-02-28,12.394999462625318
2024-02-29,12.4
2024-03-01,12.406257166915239
2024-03-02,12.41369593227192
2024-03-03,12.422217649696377
2024-03-04,12.43172367281493
2024-03-05,12.442115355253922
2024-03-06,12.453294050639677
2024-03-07,12.465161112598528
2024-03-08,12.477617894756802
2024-03-09,12.49056575074084
2024-03-10,12.503906034176962
2024-03-11,12.517540098691507
2024-03-12,12.5313692979108
2024-03-13,12.545294985461176
2024-03-14,12.559218514968963
2024-03-15,12.57304124006049
2024-03-16,12.586664514362095
2024-03-17,12.599989691500102
2024-03-18,12.612918125100848
2024-03-19,12.625351168790658
2024-03-20,12.637190176195867
2024-03-21,12.6483365009428
2024-03-22,12.658691496657793
2024-03-23,12.66815651696718
2024-03-24,12.676632915497287
2024-03-25,12.684022045874443
2024-03-26,12.690225261724983
2024-03-27,12.695143916675235
2024-03-28,12.698679364351534
2024-03-29,12.700732958380208
2024-03-30,12.701206052387583
2024-03-31,12.7
2024-04-01,12.697042313016329
2024-04-02,12.692365135925613
2024-04-03,12.68602677138946
2024-04-04,12.678085522069457
2024-04-05,12.668599690627197
2024-04-06,12.657627579724272
2024-04-07,12.645227492022283
2024-04-08,12.631457730182815
2024-04-09,12.616376596867473
2024-04-10,12.60004239473784
2024-04-11,12.582513426455517
2024-04-12,12.563847994682096
2024-04-13,12.544104402079174
2024-04-14,12.523340951308342
2024-04-15,12.501615945031189
2024-04-16,12.47898768590932
2024-04-17,12.45551447660432
2024-04-18,12.431254619777786
2024-04-19,12.406266418091315
2024-04-20,12.380608174206497
2024-04-21,12.35433819078493
2024-04-22,12.3275147704882
2024-04-23,12.300196215977913
2024-04-24,12.272440829915649
2024-04-25,12.244306914963015
2024-04-26,12.215852773781599
2024-04-27,12.187136709032995
2024-04-28,12.158217023378795
2024-04-29,12.129152019480603
2024-04-30,12.1
2024-05-01,12.070816876709094
2024-05-02,12.041648997822014
2024-05-03,12.012540320663394
2024-05-04,11.983534802557871
2024-05-05,11.954676400830081
2024-05-06,11.926009072804662
2024-05-07,11.897576775806247
2024-05-08,11.869423467159477
2024-05-09,11.84159310418898
2024-05-10,11.814129644219403
2024-05-11,11.787077044575371
2024-05-12,11.760479262581526
2024-05-13,11.734380255562508
2024-05-14,11.708823980842944
2024-05-15,11.683854395747478
2024-05-16,11.65951545760074
2024-05-17,11.635851123727372
2024-05-18,11.612905351452007
2024-05-19,11.59072209809928
2024-05-20,11.56934532099383
2024-05-21,11.548818977460291
2024-05-22,11.5291870248233
2024-05-23,11.510493420407492
2024-05-24,11.492782121537505
2024-05-25,11.476097085537976
2024-05-26,11.46048226973354
2024-05-27,11.44598163144883
2024-05-28,11.432639128008484
2024-05-29,11.420498716737143
2024-05-30,11.409604354959434
2024-05-31,11.4
2024-06-01,11.39171369248526
2024-06-02,11.384709806248747
2024-06-03,11.378936798425794
2024-06-04,11.374343126151716
2024-06-05,11.37087724656184
2024-06-06,11.368487616791487
2024-06-07,11.367122693975986
2024-06-08,11.366730935250649
2024-06-09,11.367260797750813
2024-06-10,11.368660738611785
2024-06-11,11.3708792149689
2024-06-12,11.373864683957477
2024-06-13,11.377565602712837
2024-06-14,11.381930428370307
2024-06-15,11.386907618065207
2024-06-16,11.392445628932858
2024-06-17,11.398492918108591
2024-06-18,11.404997942727716
2024-06-19,11.411909159925571
2024-06-20,11.419175026837468
2024-06-21,11.426744000598735
2024-06-22,11.43456453834469
2024-06-23,11.442585097210664
2024-06-24,11.450754134331973
2024-06-25,11.459020106843942
2024-06-26,11.467331471881895
2024-06-27,11.475636686581156
2024-06-28,11.48388420807704
2024-06-29,11.492022493504884
2024-06-30,11.5
2024-07-01,11.507772356713387
2024-07-02,11.515323880858745
2024-07-03,11.52264606166544
2024-07-04,11.529730388362845
2024-07-05,11.53656835018033
2024-07-06,11.54315143634726
2024-07-07,11.549471136093015
2024-07-08,11.55551893864696
2024-07-09,11.561286333238465
2024-07-10,11.566764809096902
2024-07-11,11.571945855451638
2024-07-12,11.576820961532048
2024-07-13,11.581381616567498
2024-07-14,11.58561930978736
2024-07-15,11.589525530421007
2024-07-16,11.593091767697805
2024-07-17,11.596309510847131
2024-07-18,11.599170249098346
2024-07-19,11.60166547168083
2024-07-20,11.603786667823943
2024-07-21,11.605525326757062
2024-07-22,11.606872937709559
2024-07-23,11.607820989910799
2024-07-24,11.608360972590155
2024-07-25,11.608484374976996
2024-07-26,11.608182686300694
2024-07-27,11.607447395790622
2024-07-28,11.606269992676145
2024-07-29,11.604641966186634
2024-07-30,11.602554805551462
2024-07-31,11.6
2024-08-01,11.596977685185536
2024-08-02,11.593522582457071
2024-08-03,11.589678059587522
2024-08-04,11.585487484349791
2024-08-05,11.580994224516811
2024-08-06,11.576241647861492
2024-08-07,11.571273122156756
2024-08-08,11.566132015175508
2024-08-09,11.560861694690677
2024-08-10,11.555505528475173
2024-08-11,11.550106884301915
2024-08-12,11.544709129943818
2024-08-13,11.5393556331738
2024-08-14,11.53408976176478
2024-08-15,11.52895488348967
2024-08-16,11.52399436612139
2024-08-17,11.519251577432854
2024-08-18,11.51476988519698
2024-08-19,11.510592657186688
2024-08-20,11.506763261174891
2024-08-21,11.503325064934506
2024-08-22,11.500321436238448
2024-08-23,11.497795742859637
2024-08-24,11.495791352570986
2024-08-25,11.494351633145419
2024-08-26,11.493519952355845
2024-08-27,11.493339677975186
2024-08-28,11.493854177776353
2024-08-29,11.495106819532266
2024-08-30,11.497140971015844
2024-08-31,11.5
2024-09-01,11.503713035625765
2024-09-02,11.508252252506615
2024-09-03,11.513575586624151
2024-09-04,11.519640973959957
2024-09-05,11.526406350495627
2024-09-06,11.533829652212747
2024-09-07,11.541868815092926
2024-09-08,11.550481775117737
2024-09-09,11.559626468268787
2024-09-10,11.569260830527657
2024-09-11,11.579342797875945
2024-09-12,11.589830306295239
2024-09-13,11.60068129176714
2024-09-14,11.611853690273232
2024-09-15,11.623305437795105
2024-09-16,11.634994470314359
2024-09-17,11.646878723812579
2024-09-18,11.658916134271358
2024-09-19,11.671064637672291
2024-09-20,11.683282169996973
2024-09-21,11.69552666722699
2024-09-22,11.707756065343933
2024-09-23,11.719928300329403
2024-09-24,11.732001308164984
2024-09-25,11.74393302483227
2024-09-26,11.755681386312853
2024-09-27,11.767204328588324
2024-09-28,11.778459787640278
2024-09-29,11.78940569945031
2024-09-30,11.8
2024-10-01,11.810213355100268
2024-10-02,11.820067349879288
2024-10-03,11.829596299294547
2024-10-04,11.838834518303543
2024-10-05,11.847816321863766
2024-10-06,11.856576024932705
2024-10-07,11.865147942467859
2024-10-08,11.873566389426719
2024-10-09,11.881865680766772
2024-10-10,11.890080131445519
2024-10-11,11.898244056420443
2024-10-12,11.906391770649043
2024-10-13,11.914557589088812
2024-10-14,11.922775826697235
2024-10-15,11.931080798431813
2024-10-16,11.939506819250033
2024-10-17,11.94808820410939
2024-10-18,11.956859267967376
2024-10-19,11.96585432578148
2024-10-20,11.9751076925092
2024-10-21,11.984653683108025
2024-10-22,11.994526612535445
2024-10-23,12.004760795748961
2024-10-24,12.015390547706055
2024-10-25,12.026450183364226
2024-10-26,12.037974017680966
2024-10-27,12.049996365613765
2024-10-28,12.062551542120115
2024-10-29,12.075673862157512
2024-10-30,12.089397640683442
2024-10-31,12.103757192655406
2024-11-01,12.11877492070002
2024-11-02,12.134425578120403
2024-11-03,12.15067200588882
2024-11-04,12.167477044977524
2024-11-05,12.184803536358759
2024-11-06,12.202614321004782
2024-11-07,12.220872239887855
2024-11-08,12.239540133980222
2024-11-09,12.258580844254144
2024-11-10,12.277957211681867
2024-11-11,12.297632077235653
2024-11-12,12.317568281887748
2024-11-13,12.33772866661041
2024-11-14,12.358076072375892
2024-11-15,12.378573340156446
2024-11-16,12.39918331092433
2024-11-17,12.419868825651793
2024-11-18,12.440592725311088
2024-11-19,12.461317850874476
2024-11-20,12.482007043314203
2024-11-21,12.502623143602527
2024-11-22,12.523128992711696
2024-11-23,12.543487431613974
2024-11-24,12.563661301281602
2024-11-25,12.583613442686847
2024-11-26,12.60330669680195
2024-11-27,12.622703904599174
2024-11-28,12.641767907050763
2024-11-29,12.660461545128983
2024-11-30,12.67874765980608
2024-12-01,12.696596242210374
2024-12-02,12.714005884094426
2024-12-03,12.730982327366872
2024-12-04,12.747531313936337
2024-12-05,12.76365858571145
2024-12-06,12.779369884600845
2024-12-07,12.794670952513146
2024-12-08,12.809567531356988
2024-12-09,12.824065363041
2024-12-10,12.83817018947381
2024-12-11,12.851887752564041
2024-12-12,12.865223794220332
2024-12-13,12.878184056351305
2024-12-14,12.890774280865596
2024-12-15,12.90300020967183
2024-12-16,12.91486758467864
2024-12-17,12.926382147794655
2024-12-18,12.9375496409285
2024-12-19,12.94837580598881
2024-12-20,12.958866384884212
2024-12-21,12.969027119523332
2024-12-22,12.978863751814805
2024-12-23,12.988382023667258
2024-12-24,12.997587676989324
2024-12-25,13.006486453689625
2024-12-26,13.015084095676798
2024-12-27,13.023386344859468
2024-12-28,13.031398943146268
2024-12-29,13.03912763244582
2024-12-30,13.046578154666761
2024-12-31,13.053756251717717
2025-01-01,13.060666197583227
2025-01-02,13.067306394551455
2025-01-03,13.073673776986475
2025-01-04,13.079765279252348
2025-01-05,13.08557783571316
2025-01-06,13.091108380732976
2025-01-07,13.096353848675866
2025-01-08,13.101311173905906
2025-01-09,13.105977290787164
2025-01-10,13.110349133683714
2025-01-11,13.11442363695963
2025-01-12,13.118197734978978
2025-01-13,13.121668362105833
2025-01-14,13.12483245270427
2025-01-15,13.127686941138354
2025-01-16,13.13022876177216
2025-01-17,13.132454848969763
2025-01-18,13.134362137095232
2025-01-19,13.135947560512637
2025-01-20,13.137208053586054
2025-01-21,13.138140550679552
2025-01-22,13.138741986157202
2025-01-23,13.139009294383072
2025-01-24,13.138939409721246
2025-01-25,13.13852926653579
2025-01-26,13.137775799190763
2025-01-27,13.136675942050255
2025-01-28,13.13522662947833
2025-01-29,13.133424795839062
2025-01-30,13.13126737549652
2025-01-31,13.128751302814774
2025-02-01,13.125880505186608
2025-02-02,13.122686882119591
2025-02-03,13.119209326150017
2025-02-04,13.115486729814167
2025-02-05,13.111557985648323
2025-02-06,13.107461986188772
2025-02-07,13.103237623971799
2025-02-08,13.098923791533686
2025-02-09,13.094559381410718
2025-02-10,13.09018328613918
2025-02-11,13.085834398255356
2025-02-12,13.08155161029553
2025-02-13,13.077373814795989
2025-02-14,13.073339904293013
2025-02-15,13.069488771322888
2025-02-16,13.065859308421894
2025-02-17,13.062490408126324
2025-02-18,13.05942096297246
2025-02-19,13.056689865496583
2025-02-20,13.054336008234976
2025-02-21,13.052398283723928
2025-02-22,13.050915584499718
2025-02-23,13.049926803098638
2025-02-24,13.049470832056967
2025-02-25,13.049586563910987
2025-02-26,13.05031289119699
2025-02-27,13.051688706451253
2025-02-28,13.053752902210062
2025-03-01,13.056526156550719
2025-03-02,13.059956289714583
2025-03-03,13.063972907484018
2025-03-04,13.068505615641408
2025-03-05,13.073484019969124
2025-03-06,13.078837726249533
2025-03-07,13.084496340265012
2025-03-08,13.090389467797936
2025-03-09,13.096446714630677
2025-03-10,13.102597686545606
2025-03-11,13.1087719893251
2025-03-12,13.11489922875153
2025-03-13,13.120909010607265
2025-03-14,13.126730940674687
2025-03-15,13.132294624736165
2025-03-16,13.137529668574071
2025-03-17,13.142365677970778
2025-03-18,13.146732258708658
2025-03-19,13.15055901657009
2025-03-20,13.153775557337443
2025-03-21,13.156311486793088
2025-03-22,13.1580964107194
2025-03-23,13.159059934898755
2025-03-24,13.159131665113524
2025-03-25,13.158241207146078
2025-03-26,13.156318166778792
2025-03-27,13.153292149794044
2025-03-28,13.1490927619742
2025-03-29,13.143649609101637
2025-03-30,13.136892296958724
2025-03-31,13.12875043132784
2025-04-01,13.119177219236912
2025-04-02,13.108220272696098
2025-04-03,13.095950804961122
2025-04-04,13.082440029287705
2025-04-05,13.067759158931555
2025-04-06,13.051979407148393
2025-04-07,13.035171987193943
2025-04-08,13.017408112323919
2025-04-09,12.99875899579404
2025-04-10,12.979295850860021
2025-04-11,12.959089890777586
2025-04-12,12.938212328802447
2025-04-13,12.91673437819033
2025-04-14,12.894727252196946
2025-04-15,12.872262164078014
2025-04-16,12.849410327089256
2025-04-17,12.82624295448639
2025-04-18,12.802831259525124
2025-04-19,12.779246455461193
2025-04-20,12.755559755550303
2025-04-21,12.731842373048178
2025-04-22,12.708165521210528
2025-04-23,12.684600413293085
2025-04-24,12.661218262551554
2025-04-25,12.63809028224166
2025-04-26,12.61528768561912
2025-04-27,12.59288168593965
2025-04-28,12.57094349645897
2025-04-29,12.549544330432802
2025-04-30,12.528755401116856
2025-05-01,12.5086332606999
2025-05-02,12.489175817102875
2025-05-03,12.470366317179765
2025-05-04,12.452188007784553
2025-05-05,12.434624135771228
2025-05-06,12.417657947993773
2025-05-07,12.401272691306172
2025-05-08,12.385451612562417
2025-05-09,12.370177958616482
2025-05-10,12.355434976322364
2025-05-11,12.341205912534042
2025-05-12,12.327474014105498
2025-05-13,12.314222527890724
2025-05-14,12.301434700743702
2025-05-15,12.289093779518417
2025-05-16,12.277183011068855
2025-05-17,12.265685642249002
2025-05-18,12.254584919912844
2025-05-19,12.243864090914364
2025-05-20,12.233506402107547
2025-05-21,12.22349510034638
2025-05-22,12.213813432484844
2025-05-23,12.204444645376933
2025-05-24,12.195371985876621
2025-05-25,12.186578700837904
2025-05-26,12.17804803711476
2025-05-27,12.169763241561178
2025-05-28,12.16170756103114
2025-05-29,12.153864242378635
2025-05-30,12.146216532457641
2025-05-31,12.138747678122154
2025-06-01,12.131446074327146
2025-06-02,12.124320708431553
2025-06-03,12.117385715895317
2025-06-04,12.110655232178368
2025-06-05,12.10414339274064
2025-06-06,12.097864333042063
2025-06-07,12.091832188542579
2025-06-08,12.08606109470211
2025-06-09,12.080565186980602
2025-06-10,12.075358600837978
2025-06-11,12.07045547173418
2025-06-12,12.06586993512913
2025-06-13,12.061616126482775
2025-06-14,12.057708181255041
2025-06-15,12.054160234905861
2025-06-16,12.050986422895171
2025-06-17,12.048200880682906
2025-06-18,12.045817743728994
2025-06-19,12.043851147493372
2025-06-20,12.042315227435973
2025-06-21,12.041224119016734
2025-06-22,12.040591957695582
2025-06-23,12.040432878932455
2025-06-24,12.040761018187284
2025-06-25,12.041590510920006
2025-06-26,12.042935492590551
2025-06-27,12.04481009865885
2025-06-28,12.047228464584842
2025-06-29,12.050204725828465
2025-06-30,12.05375301784964
2025-07-01,12.057878384430714
2025-07-02,12.062549502643655
2025-07-03,12.067725957882825
2025-07-04,12.073367335542597
2025-07-05,12.079433221017352
2025-07-06,12.085883199701454
2025-07-07,12.092676856989275
2025-07-08,12.099773778275184
2025-07-09,12.107133548953554
2025-07-10,12.11471575441876
2025-07-11,12.122479980065165
2025-07-12,12.13038581128715
2025-07-13,12.138392833479077
2025-07-14,12.146460632035325
2025-07-15,12.15454879235026
2025-07-16,12.162616899818254
2025-07-17,12.170624539833682
2025-07-18,12.178531297790911
2025-07-19,12.186296759084312
2025-07-20,12.193880509108263
2025-07-21,12.201242133257125
2025-07-22,12.208341216925277
2025-07-23,12.215137345507083
2025-07-24,12.221590104396924
2025-07-25,12.227659078989163
2025-07-26,12.233303854678173
2025-07-27,12.23848401685833
2025-07-28,12.243159150924
2025-07-29,12.247288842269555
2025-07-30,12.250832676289367
2025-07-31,12.253750238377808
2025-08-01,12.256013389020222
2025-08-02,12.25764308906587
2025-08-03,12.258672574454975
2025-08-04,12.259135081127775
2025-08-05,12.259063845024496
2025-08-06,12.25849210208537
2025-08-07,12.257453088250628
2025-08-08,12.255980039460496
2025-08-09,12.25410619165521
2025-08-10,12.251864780774994
2025-08-11,12.24928904276009
2025-08-12,12.24641221355072
2025-08-13,12.243267529087117
2025-08-14,12.23988822530951
2025-08-15,12.23630753815813
2025-08-16,12.232558703573208
2025-08-17,12.228674957494977
2025-08-18,12.224689535863668
2025-08-19,12.220635674619507
2025-08-20,12.216546609702723
2025-08-21,12.212455577053555
2025-08-22,12.208395812612226
2025-08-23,12.204400552318972
2025-08-24,12.20050303211402
2025-08-25,12.196736487937601
2025-08-26,12.193134155729945
2025-08-27,12.189729271431288
2025-08-28,12.186555070981854
2025-08-29,12.183644790321875
2025-08-30,12.181031665391588
2025-08-31,12.178748932131212
2025-09-01,12.176829826480986
2025-09-02,12.175307584381136
2025-09-03,12.174215441771903
2025-09-04,12.173586634593503
2025-09-05,12.173454398786173
2025-09-06,12.173851970290148
2025-09-07,12.17481258504565
2025-09-08,12.176369478992918
2025-09-09,12.178555888072173
2025-09-10,12.181405048223656
2025-09-11,12.184950195387593
2025-09-12,12.189224565504212
2025-09-13,12.194261394513747
2025-09-14,12.20009391835643
2025-09-15,12.206755372972484
2025-09-16,12.214278994302148
2025-09-17,12.222698018285648
2025-09-18,12.23204568086322
2025-09-19,12.242355217975085
2025-09-20,12.253659865561485
2025-09-21,12.26599285956264
2025-09-22,12.279387435918785
2025-09-23,12.293876830570156
2025-09-24,12.309494279456976
2025-09-25,12.326273018519476
2025-09-26,12.34424628369789
2025-09-27,12.363447310932447
2025-09-28,12.38390933616338
2025-09-29,12.405665595330916
2025-09-30,12.428749324375287
